{"cameraMode":{"drawMode":0,"name":"Shaded","section":"Shading Mode"},"sceneLighting":true,"audioPlay":false,"sceneViewState":{"m_AlwaysRefresh":false,"showFog":true,"showSkybox":true,"showFlares":true,"showImageEffects":true,"showParticleSystems":true,"showVisualEffectGraphs":true,"m_FxEnabled":true},"in2DMode":false,"pivot":{"x":1.6999998092651368,"y":-0.9499998092651367,"z":-0.5999999046325684},"rotation":{"x":-0.039544180035591128,"y":0.9604071974754334,"z":-0.18999914824962617,"w":-0.19988806545734406},"size":8.756952285766602,"orthographic":false}